seed,train_dataset,test_dataset,architecture,use_cbam,accuracy,precision,recall,f1_score,auc,val_loss,num_train_images,num_val_images,num_test_images,precision_class_0,precision_class_1,precision_class_2,precision_class_3,precision_class_4,recall_class_0,recall_class_1,recall_class_2,recall_class_3,recall_class_4,f1_class_0,f1_class_1,f1_class_2,f1_class_3,f1_class_4,train_class_0,train_class_1,train_class_2,train_class_3,train_class_4,val_class_0,val_class_1,val_class_2,val_class_3,val_class_4,test_class_0,test_class_1,test_class_2,test_class_3,test_class_4,class_weight_0,class_weight_1,class_weight_2,class_weight_3,class_weight_4,use_class_weights,use_weighted_sampler,model_path,metrics_path,predictions_path,confusion_matrix_path
42,aptos,aptos,base,False,0.751219512195122,0.5003097147950089,0.5286666666666666,0.5139839698255539,0.8787046225986804,1.1686737537384033,1224,305,205,0.9509803921568627,0.59375,0.5818181818181818,0.375,0.0,0.97,0.6333333333333333,0.64,0.4,0.0,0.9603960396039604,0.6129032258064516,0.6095238095238096,0.3870967741935484,0.0,734,184,238,48,20,183,46,59,12,5,100,30,50,15,10,0.3335149884223938,1.330434799194336,1.0285714864730835,5.099999904632568,12.239999771118164,True,False,C:\Proyecto Integrador 2\retinopathy-generalization\outputs/factorial_experiments\aptos\base\seed_42\best_model.pt,C:\Proyecto Integrador 2\retinopathy-generalization\outputs/factorial_experiments\aptos\base\seed_42\evaluations\test_aptos\metrics.json,C:\Proyecto Integrador 2\retinopathy-generalization\outputs/factorial_experiments\aptos\base\seed_42\evaluations\test_aptos\predictions.csv,C:\Proyecto Integrador 2\retinopathy-generalization\outputs/factorial_experiments\aptos\base\seed_42\evaluations\test_aptos\confusion_matrix.png
42,aptos,messidor,base,False,0.526829268292683,0.6114285714285714,0.28733333333333333,0.28562150652116053,0.6782952169505649,1.4054758548736572,1224,305,205,0.5238095238095238,0.2,0.6666666666666666,1.0,0.6666666666666666,0.99,0.03333333333333333,0.08,0.13333333333333333,0.2,0.6851211072664359,0.05714285714285714,0.14285714285714285,0.23529411764705882,0.3076923076923077,734,184,238,48,20,183,46,59,12,5,100,30,50,15,10,0.3335149884223938,1.330434799194336,1.0285714864730835,5.099999904632568,12.239999771118164,True,False,C:\Proyecto Integrador 2\retinopathy-generalization\outputs/factorial_experiments\aptos\base\seed_42\best_model.pt,C:\Proyecto Integrador 2\retinopathy-generalization\outputs/factorial_experiments\aptos\base\seed_42\evaluations\test_messidor\metrics.json,C:\Proyecto Integrador 2\retinopathy-generalization\outputs/factorial_experiments\aptos\base\seed_42\evaluations\test_messidor\predictions.csv,C:\Proyecto Integrador 2\retinopathy-generalization\outputs/factorial_experiments\aptos\base\seed_42\evaluations\test_messidor\confusion_matrix.png
42,aptos,odir,base,False,0.47804878048780486,0.1484771573604061,0.2006666666666667,0.1424044365220836,0.619591251080555,1.4247796535491943,1224,305,205,0.49238578680203043,0.25,0.0,0.0,0.0,0.97,0.03333333333333333,0.0,0.0,0.0,0.6531986531986532,0.058823529411764705,0.0,0.0,0.0,734,184,238,48,20,183,46,59,12,5,100,30,50,15,10,0.3335149884223938,1.330434799194336,1.0285714864730835,5.099999904632568,12.239999771118164,True,False,C:\Proyecto Integrador 2\retinopathy-generalization\outputs/factorial_experiments\aptos\base\seed_42\best_model.pt,C:\Proyecto Integrador 2\retinopathy-generalization\outputs/factorial_experiments\aptos\base\seed_42\evaluations\test_odir\metrics.json,C:\Proyecto Integrador 2\retinopathy-generalization\outputs/factorial_experiments\aptos\base\seed_42\evaluations\test_odir\predictions.csv,C:\Proyecto Integrador 2\retinopathy-generalization\outputs/factorial_experiments\aptos\base\seed_42\evaluations\test_odir\confusion_matrix.png
42,aptos,aptos,cbam,True,0.7414634146341463,0.5795528035775714,0.574,0.567048904890489,0.9151079584818126,1.2039625644683838,1224,305,205,0.9509803921568627,0.4888888888888889,0.6578947368421053,0.4,0.4,0.97,0.7333333333333333,0.5,0.26666666666666666,0.4,0.9603960396039604,0.5866666666666667,0.5681818181818182,0.32,0.4,734,184,238,48,20,183,46,59,12,5,100,30,50,15,10,0.3335149884223938,1.330434799194336,1.0285714864730835,5.099999904632568,12.239999771118164,True,False,C:\Proyecto Integrador 2\retinopathy-generalization\outputs/factorial_experiments\aptos\cbam\seed_42\best_model.pt,C:\Proyecto Integrador 2\retinopathy-generalization\outputs/factorial_experiments\aptos\cbam\seed_42\evaluations\test_aptos\metrics.json,C:\Proyecto Integrador 2\retinopathy-generalization\outputs/factorial_experiments\aptos\cbam\seed_42\evaluations\test_aptos\predictions.csv,C:\Proyecto Integrador 2\retinopathy-generalization\outputs/factorial_experiments\aptos\cbam\seed_42\evaluations\test_aptos\confusion_matrix.png
42,aptos,messidor,cbam,True,0.48292682926829267,0.09850746268656715,0.198,0.13156146179401992,0.6434005261292188,1.414123296737671,1224,305,205,0.4925373134328358,0.0,0.0,0.0,0.0,0.99,0.0,0.0,0.0,0.0,0.6578073089700996,0.0,0.0,0.0,0.0,734,184,238,48,20,183,46,59,12,5,100,30,50,15,10,0.3335149884223938,1.330434799194336,1.0285714864730835,5.099999904632568,12.239999771118164,True,False,C:\Proyecto Integrador 2\retinopathy-generalization\outputs/factorial_experiments\aptos\cbam\seed_42\best_model.pt,C:\Proyecto Integrador 2\retinopathy-generalization\outputs/factorial_experiments\aptos\cbam\seed_42\evaluations\test_messidor\metrics.json,C:\Proyecto Integrador 2\retinopathy-generalization\outputs/factorial_experiments\aptos\cbam\seed_42\evaluations\test_messidor\predictions.csv,C:\Proyecto Integrador 2\retinopathy-generalization\outputs/factorial_experiments\aptos\cbam\seed_42\evaluations\test_messidor\confusion_matrix.png
42,aptos,odir,cbam,True,0.47317073170731705,0.14696969696969697,0.21200000000000002,0.1574304889741131,0.5954486787688824,1.4276630878448486,1224,305,205,0.48484848484848486,0.0,0.0,0.0,0.25,0.96,0.0,0.0,0.0,0.1,0.6442953020134228,0.0,0.0,0.0,0.14285714285714285,734,184,238,48,20,183,46,59,12,5,100,30,50,15,10,0.3335149884223938,1.330434799194336,1.0285714864730835,5.099999904632568,12.239999771118164,True,False,C:\Proyecto Integrador 2\retinopathy-generalization\outputs/factorial_experiments\aptos\cbam\seed_42\best_model.pt,C:\Proyecto Integrador 2\retinopathy-generalization\outputs/factorial_experiments\aptos\cbam\seed_42\evaluations\test_odir\metrics.json,C:\Proyecto Integrador 2\retinopathy-generalization\outputs/factorial_experiments\aptos\cbam\seed_42\evaluations\test_odir\predictions.csv,C:\Proyecto Integrador 2\retinopathy-generalization\outputs/factorial_experiments\aptos\cbam\seed_42\evaluations\test_odir\confusion_matrix.png
42,messidor,aptos,base,False,0.35121951219512193,0.32965591395950977,0.3613333333333334,0.286554016481554,0.6732803348321175,1.504258155822754,1224,305,205,0.9056603773584906,0.0,0.27586206896551724,0.19402985074626866,0.2727272727272727,0.48,0.0,0.16,0.8666666666666667,0.3,0.6274509803921569,0.0,0.20253164556962025,0.3170731707317073,0.2857142857142857,734,184,238,48,20,183,46,59,12,5,100,30,50,15,10,0.3335149884223938,1.330434799194336,1.0285714864730835,5.099999904632568,12.239999771118164,True,False,C:\Proyecto Integrador 2\retinopathy-generalization\outputs/factorial_experiments\messidor\base\seed_42\best_model.pt,C:\Proyecto Integrador 2\retinopathy-generalization\outputs/factorial_experiments\messidor\base\seed_42\evaluations\test_aptos\metrics.json,C:\Proyecto Integrador 2\retinopathy-generalization\outputs/factorial_experiments\messidor\base\seed_42\evaluations\test_aptos\predictions.csv,C:\Proyecto Integrador 2\retinopathy-generalization\outputs/factorial_experiments\messidor\base\seed_42\evaluations\test_aptos\confusion_matrix.png
42,messidor,messidor,base,False,0.7463414634146341,0.6875089306977852,0.6859999999999999,0.6732452361989283,0.8954491912162542,1.2292158603668213,1224,305,205,0.7948717948717948,0.6470588235294118,0.75,0.5789473684210527,0.6666666666666666,0.93,0.36666666666666664,0.6,0.7333333333333333,0.8,0.8571428571428571,0.46808510638297873,0.6666666666666666,0.6470588235294118,0.7272727272727273,734,184,238,48,20,183,46,59,12,5,100,30,50,15,10,0.3335149884223938,1.330434799194336,1.0285714864730835,5.099999904632568,12.239999771118164,True,False,C:\Proyecto Integrador 2\retinopathy-generalization\outputs/factorial_experiments\messidor\base\seed_42\best_model.pt,C:\Proyecto Integrador 2\retinopathy-generalization\outputs/factorial_experiments\messidor\base\seed_42\evaluations\test_messidor\metrics.json,C:\Proyecto Integrador 2\retinopathy-generalization\outputs/factorial_experiments\messidor\base\seed_42\evaluations\test_messidor\predictions.csv,C:\Proyecto Integrador 2\retinopathy-generalization\outputs/factorial_experiments\messidor\base\seed_42\evaluations\test_messidor\confusion_matrix.png
42,messidor,odir,base,False,0.4682926829268293,0.2760964438268746,0.27266666666666667,0.26147229306747044,0.6767922933885583,1.460539698600769,1224,305,205,0.6062992125984252,0.25,0.28888888888888886,0.23529411764705882,0.0,0.77,0.06666666666666667,0.26,0.26666666666666666,0.0,0.6784140969162996,0.10526315789473684,0.2736842105263158,0.25,0.0,734,184,238,48,20,183,46,59,12,5,100,30,50,15,10,0.3335149884223938,1.330434799194336,1.0285714864730835,5.099999904632568,12.239999771118164,True,False,C:\Proyecto Integrador 2\retinopathy-generalization\outputs/factorial_experiments\messidor\base\seed_42\best_model.pt,C:\Proyecto Integrador 2\retinopathy-generalization\outputs/factorial_experiments\messidor\base\seed_42\evaluations\test_odir\metrics.json,C:\Proyecto Integrador 2\retinopathy-generalization\outputs/factorial_experiments\messidor\base\seed_42\evaluations\test_odir\predictions.csv,C:\Proyecto Integrador 2\retinopathy-generalization\outputs/factorial_experiments\messidor\base\seed_42\evaluations\test_odir\confusion_matrix.png
42,messidor,aptos,cbam,True,0.2,0.24104592013958653,0.23533333333333334,0.1832038050229742,0.6577292984321848,1.582801342010498,1224,305,205,0.6296296296296297,0.05263157894736842,0.32432432432432434,0.11864406779661017,0.08,0.17,0.1,0.24,0.4666666666666667,0.2,0.2677165354330709,0.06896551724137931,0.27586206896551724,0.1891891891891892,0.11428571428571428,734,184,238,48,20,183,46,59,12,5,100,30,50,15,10,0.3335149884223938,1.330434799194336,1.0285714864730835,5.099999904632568,12.239999771118164,True,False,C:\Proyecto Integrador 2\retinopathy-generalization\outputs/factorial_experiments\messidor\cbam\seed_42\best_model.pt,C:\Proyecto Integrador 2\retinopathy-generalization\outputs/factorial_experiments\messidor\cbam\seed_42\evaluations\test_aptos\metrics.json,C:\Proyecto Integrador 2\retinopathy-generalization\outputs/factorial_experiments\messidor\cbam\seed_42\evaluations\test_aptos\predictions.csv,C:\Proyecto Integrador 2\retinopathy-generalization\outputs/factorial_experiments\messidor\cbam\seed_42\evaluations\test_aptos\confusion_matrix.png
42,messidor,messidor,cbam,True,0.5707317073170731,0.5202562087845062,0.516,0.5093144064962177,0.8190178199842038,1.4311641454696655,1224,305,205,0.7184466019417476,0.2926829268292683,0.5151515151515151,0.45,0.625,0.74,0.4,0.34,0.6,0.5,0.729064039408867,0.3380281690140845,0.40963855421686746,0.5142857142857142,0.5555555555555556,734,184,238,48,20,183,46,59,12,5,100,30,50,15,10,0.3335149884223938,1.330434799194336,1.0285714864730835,5.099999904632568,12.239999771118164,True,False,C:\Proyecto Integrador 2\retinopathy-generalization\outputs/factorial_experiments\messidor\cbam\seed_42\best_model.pt,C:\Proyecto Integrador 2\retinopathy-generalization\outputs/factorial_experiments\messidor\cbam\seed_42\evaluations\test_messidor\metrics.json,C:\Proyecto Integrador 2\retinopathy-generalization\outputs/factorial_experiments\messidor\cbam\seed_42\evaluations\test_messidor\predictions.csv,C:\Proyecto Integrador 2\retinopathy-generalization\outputs/factorial_experiments\messidor\cbam\seed_42\evaluations\test_messidor\confusion_matrix.png
42,messidor,odir,cbam,True,0.33170731707317075,0.2747665534804754,0.316,0.2575594337127699,0.6820008582249668,1.5412306785583496,1224,305,205,0.65625,0.22580645161290322,0.21052631578947367,0.15625,0.125,0.42,0.23333333333333334,0.16,0.6666666666666666,0.1,0.5121951219512195,0.22950819672131148,0.18181818181818182,0.25316455696202533,0.1111111111111111,734,184,238,48,20,183,46,59,12,5,100,30,50,15,10,0.3335149884223938,1.330434799194336,1.0285714864730835,5.099999904632568,12.239999771118164,True,False,C:\Proyecto Integrador 2\retinopathy-generalization\outputs/factorial_experiments\messidor\cbam\seed_42\best_model.pt,C:\Proyecto Integrador 2\retinopathy-generalization\outputs/factorial_experiments\messidor\cbam\seed_42\evaluations\test_odir\metrics.json,C:\Proyecto Integrador 2\retinopathy-generalization\outputs/factorial_experiments\messidor\cbam\seed_42\evaluations\test_odir\predictions.csv,C:\Proyecto Integrador 2\retinopathy-generalization\outputs/factorial_experiments\messidor\cbam\seed_42\evaluations\test_odir\confusion_matrix.png
42,odir,aptos,base,False,0.3902439024390244,0.27642076999172266,0.34933333333333333,0.2670972672122853,0.6662164443366481,1.5065046548843384,1224,305,205,0.7341772151898734,0.07894736842105263,0.25,0.22807017543859648,0.09090909090909091,0.58,0.1,0.1,0.8666666666666667,0.1,0.6480446927374302,0.08823529411764706,0.14285714285714285,0.3611111111111111,0.09523809523809523,734,184,238,48,20,183,46,59,12,5,100,30,50,15,10,0.3335149884223938,1.330434799194336,1.0285714864730835,5.099999904632568,12.239999771118164,True,False,C:\Proyecto Integrador 2\retinopathy-generalization\outputs/factorial_experiments\odir\base\seed_42\best_model.pt,C:\Proyecto Integrador 2\retinopathy-generalization\outputs/factorial_experiments\odir\base\seed_42\evaluations\test_aptos\metrics.json,C:\Proyecto Integrador 2\retinopathy-generalization\outputs/factorial_experiments\odir\base\seed_42\evaluations\test_aptos\predictions.csv,C:\Proyecto Integrador 2\retinopathy-generalization\outputs/factorial_experiments\odir\base\seed_42\evaluations\test_aptos\confusion_matrix.png
42,odir,messidor,base,False,0.43414634146341463,0.43650793650793657,0.426,0.41067355295259017,0.7137720280851011,1.4753758907318115,1224,305,205,0.5888888888888889,0.2222222222222222,0.4,0.4,0.5714285714285714,0.53,0.4666666666666667,0.2,0.5333333333333333,0.4,0.5578947368421052,0.3010752688172043,0.26666666666666666,0.45714285714285713,0.47058823529411764,734,184,238,48,20,183,46,59,12,5,100,30,50,15,10,0.3335149884223938,1.330434799194336,1.0285714864730835,5.099999904632568,12.239999771118164,True,False,C:\Proyecto Integrador 2\retinopathy-generalization\outputs/factorial_experiments\odir\base\seed_42\best_model.pt,C:\Proyecto Integrador 2\retinopathy-generalization\outputs/factorial_experiments\odir\base\seed_42\evaluations\test_messidor\metrics.json,C:\Proyecto Integrador 2\retinopathy-generalization\outputs/factorial_experiments\odir\base\seed_42\evaluations\test_messidor\predictions.csv,C:\Proyecto Integrador 2\retinopathy-generalization\outputs/factorial_experiments\odir\base\seed_42\evaluations\test_messidor\confusion_matrix.png
42,odir,odir,base,False,0.5414634146341464,0.5678837688921723,0.5660000000000001,0.5607970407970408,0.8145622443204786,1.4022343158721924,1224,305,205,0.6470588235294118,0.3333333333333333,0.4897959183673469,0.7692307692307693,0.6,0.55,0.5333333333333333,0.48,0.6666666666666666,0.6,0.5945945945945946,0.41025641025641024,0.48484848484848486,0.7142857142857143,0.6,734,184,238,48,20,183,46,59,12,5,100,30,50,15,10,0.3335149884223938,1.330434799194336,1.0285714864730835,5.099999904632568,12.239999771118164,True,False,C:\Proyecto Integrador 2\retinopathy-generalization\outputs/factorial_experiments\odir\base\seed_42\best_model.pt,C:\Proyecto Integrador 2\retinopathy-generalization\outputs/factorial_experiments\odir\base\seed_42\evaluations\test_odir\metrics.json,C:\Proyecto Integrador 2\retinopathy-generalization\outputs/factorial_experiments\odir\base\seed_42\evaluations\test_odir\predictions.csv,C:\Proyecto Integrador 2\retinopathy-generalization\outputs/factorial_experiments\odir\base\seed_42\evaluations\test_odir\confusion_matrix.png
42,odir,aptos,cbam,True,0.33170731707317075,0.2539864906062089,0.31533333333333335,0.23339604267186043,0.6277030964508045,1.5564748048782349,1224,305,205,0.6338028169014085,0.18181818181818182,0.21621621621621623,0.16666666666666666,0.07142857142857142,0.45,0.06666666666666667,0.16,0.8,0.1,0.5263157894736842,0.0975609756097561,0.1839080459770115,0.27586206896551724,0.08333333333333333,734,184,238,48,20,183,46,59,12,5,100,30,50,15,10,0.3335149884223938,1.330434799194336,1.0285714864730835,5.099999904632568,12.239999771118164,True,False,C:\Proyecto Integrador 2\retinopathy-generalization\outputs/factorial_experiments\odir\cbam\seed_42\best_model.pt,C:\Proyecto Integrador 2\retinopathy-generalization\outputs/factorial_experiments\odir\cbam\seed_42\evaluations\test_aptos\metrics.json,C:\Proyecto Integrador 2\retinopathy-generalization\outputs/factorial_experiments\odir\cbam\seed_42\evaluations\test_aptos\predictions.csv,C:\Proyecto Integrador 2\retinopathy-generalization\outputs/factorial_experiments\odir\cbam\seed_42\evaluations\test_aptos\confusion_matrix.png
42,odir,messidor,cbam,True,0.3902439024390244,0.273255774571564,0.30866666666666664,0.27905746036492757,0.6420390305789286,1.506134271621704,1224,305,205,0.5495495495495496,0.2631578947368421,0.16666666666666666,0.2916666666666667,0.09523809523809523,0.61,0.16666666666666666,0.1,0.4666666666666667,0.2,0.5781990521327014,0.20408163265306123,0.125,0.358974358974359,0.12903225806451613,734,184,238,48,20,183,46,59,12,5,100,30,50,15,10,0.3335149884223938,1.330434799194336,1.0285714864730835,5.099999904632568,12.239999771118164,True,False,C:\Proyecto Integrador 2\retinopathy-generalization\outputs/factorial_experiments\odir\cbam\seed_42\best_model.pt,C:\Proyecto Integrador 2\retinopathy-generalization\outputs/factorial_experiments\odir\cbam\seed_42\evaluations\test_messidor\metrics.json,C:\Proyecto Integrador 2\retinopathy-generalization\outputs/factorial_experiments\odir\cbam\seed_42\evaluations\test_messidor\predictions.csv,C:\Proyecto Integrador 2\retinopathy-generalization\outputs/factorial_experiments\odir\cbam\seed_42\evaluations\test_messidor\confusion_matrix.png
42,odir,odir,cbam,True,0.5121951219512195,0.5542580567580566,0.5166666666666666,0.5082681072548263,0.7876504885041389,1.4353015422821045,1224,305,205,0.7375,0.24675324675324675,0.48148148148148145,0.75,0.5555555555555556,0.59,0.6333333333333333,0.26,0.6,0.5,0.6555555555555556,0.35514018691588783,0.33766233766233766,0.6666666666666666,0.5263157894736842,734,184,238,48,20,183,46,59,12,5,100,30,50,15,10,0.3335149884223938,1.330434799194336,1.0285714864730835,5.099999904632568,12.239999771118164,True,False,C:\Proyecto Integrador 2\retinopathy-generalization\outputs/factorial_experiments\odir\cbam\seed_42\best_model.pt,C:\Proyecto Integrador 2\retinopathy-generalization\outputs/factorial_experiments\odir\cbam\seed_42\evaluations\test_odir\metrics.json,C:\Proyecto Integrador 2\retinopathy-generalization\outputs/factorial_experiments\odir\cbam\seed_42\evaluations\test_odir\predictions.csv,C:\Proyecto Integrador 2\retinopathy-generalization\outputs/factorial_experiments\odir\cbam\seed_42\evaluations\test_odir\confusion_matrix.png
123,aptos,aptos,base,False,0.7658536585365854,0.6227126457837211,0.5706666666666667,0.5856668102598317,0.8875003289862373,1.150942087173462,1224,305,205,0.9514563106796117,0.625,0.6037735849056604,0.3333333333333333,0.6,0.98,0.6666666666666666,0.64,0.26666666666666666,0.3,0.9655172413793104,0.6451612903225806,0.6213592233009708,0.2962962962962963,0.4,734,184,238,48,20,183,46,59,12,5,100,30,50,15,10,0.3335149884223938,1.330434799194336,1.0285714864730835,5.099999904632568,12.239999771118164,True,False,C:\Proyecto Integrador 2\retinopathy-generalization\outputs/factorial_experiments\aptos\base\seed_123\best_model.pt,C:\Proyecto Integrador 2\retinopathy-generalization\outputs/factorial_experiments\aptos\base\seed_123\evaluations\test_aptos\metrics.json,C:\Proyecto Integrador 2\retinopathy-generalization\outputs/factorial_experiments\aptos\base\seed_123\evaluations\test_aptos\predictions.csv,C:\Proyecto Integrador 2\retinopathy-generalization\outputs/factorial_experiments\aptos\base\seed_123\evaluations\test_aptos\confusion_matrix.png
123,aptos,messidor,base,False,0.5024390243902439,0.34630034049547964,0.2906666666666667,0.28279980514761666,0.6689837770605173,1.410293459892273,1224,305,205,0.562874251497006,0.0,0.23529411764705882,0.3333333333333333,0.6,0.94,0.0,0.08,0.13333333333333333,0.3,0.704119850187266,0.0,0.11940298507462686,0.19047619047619047,0.4,734,184,238,48,20,183,46,59,12,5,100,30,50,15,10,0.3335149884223938,1.330434799194336,1.0285714864730835,5.099999904632568,12.239999771118164,True,False,C:\Proyecto Integrador 2\retinopathy-generalization\outputs/factorial_experiments\aptos\base\seed_123\best_model.pt,C:\Proyecto Integrador 2\retinopathy-generalization\outputs/factorial_experiments\aptos\base\seed_123\evaluations\test_messidor\metrics.json,C:\Proyecto Integrador 2\retinopathy-generalization\outputs/factorial_experiments\aptos\base\seed_123\evaluations\test_messidor\predictions.csv,C:\Proyecto Integrador 2\retinopathy-generalization\outputs/factorial_experiments\aptos\base\seed_123\evaluations\test_messidor\confusion_matrix.png
123,aptos,odir,base,False,0.5073170731707317,0.2603809523809523,0.2526666666666667,0.21423777391515558,0.6415562081382115,1.3963154554367065,1224,305,205,0.5542857142857143,0.2,0.3333333333333333,0.21428571428571427,0.0,0.97,0.03333333333333333,0.06,0.2,0.0,0.7054545454545454,0.05714285714285714,0.1016949152542373,0.20689655172413793,0.0,734,184,238,48,20,183,46,59,12,5,100,30,50,15,10,0.3335149884223938,1.330434799194336,1.0285714864730835,5.099999904632568,12.239999771118164,True,False,C:\Proyecto Integrador 2\retinopathy-generalization\outputs/factorial_experiments\aptos\base\seed_123\best_model.pt,C:\Proyecto Integrador 2\retinopathy-generalization\outputs/factorial_experiments\aptos\base\seed_123\evaluations\test_odir\metrics.json,C:\Proyecto Integrador 2\retinopathy-generalization\outputs/factorial_experiments\aptos\base\seed_123\evaluations\test_odir\predictions.csv,C:\Proyecto Integrador 2\retinopathy-generalization\outputs/factorial_experiments\aptos\base\seed_123\evaluations\test_odir\confusion_matrix.png
123,aptos,aptos,cbam,True,0.775609756097561,0.6201375661375661,0.5980000000000001,0.6060513269856106,0.9008978898860054,1.1720988750457764,1224,305,205,0.97,0.5925925925925926,0.6428571428571429,0.4666666666666667,0.42857142857142855,0.97,0.5333333333333333,0.72,0.4666666666666667,0.3,0.97,0.5614035087719298,0.6792452830188679,0.4666666666666667,0.35294117647058826,734,184,238,48,20,183,46,59,12,5,100,30,50,15,10,0.3335149884223938,1.330434799194336,1.0285714864730835,5.099999904632568,12.239999771118164,True,False,C:\Proyecto Integrador 2\retinopathy-generalization\outputs/factorial_experiments\aptos\cbam\seed_123\best_model.pt,C:\Proyecto Integrador 2\retinopathy-generalization\outputs/factorial_experiments\aptos\cbam\seed_123\evaluations\test_aptos\metrics.json,C:\Proyecto Integrador 2\retinopathy-generalization\outputs/factorial_experiments\aptos\cbam\seed_123\evaluations\test_aptos\predictions.csv,C:\Proyecto Integrador 2\retinopathy-generalization\outputs/factorial_experiments\aptos\cbam\seed_123\evaluations\test_aptos\confusion_matrix.png
123,aptos,messidor,cbam,True,0.4634146341463415,0.24691672564284026,0.22799999999999998,0.2094616067255838,0.6990856321946305,1.4256203174591064,1224,305,205,0.5605095541401274,0.07407407407407407,0.2,0.4,0.0,0.88,0.06666666666666667,0.06,0.13333333333333333,0.0,0.6848249027237354,0.07017543859649122,0.09230769230769231,0.2,0.0,734,184,238,48,20,183,46,59,12,5,100,30,50,15,10,0.3335149884223938,1.330434799194336,1.0285714864730835,5.099999904632568,12.239999771118164,True,False,C:\Proyecto Integrador 2\retinopathy-generalization\outputs/factorial_experiments\aptos\cbam\seed_123\best_model.pt,C:\Proyecto Integrador 2\retinopathy-generalization\outputs/factorial_experiments\aptos\cbam\seed_123\evaluations\test_messidor\metrics.json,C:\Proyecto Integrador 2\retinopathy-generalization\outputs/factorial_experiments\aptos\cbam\seed_123\evaluations\test_messidor\predictions.csv,C:\Proyecto Integrador 2\retinopathy-generalization\outputs/factorial_experiments\aptos\cbam\seed_123\evaluations\test_messidor\confusion_matrix.png
123,aptos,odir,cbam,True,0.48292682926829267,0.19842958459979734,0.21133333333333332,0.16396198830409356,0.628244382668831,1.421032428741455,1224,305,205,0.5159574468085106,0.0,0.14285714285714285,0.3333333333333333,0.0,0.97,0.0,0.02,0.06666666666666667,0.0,0.6736111111111112,0.0,0.03508771929824561,0.1111111111111111,0.0,734,184,238,48,20,183,46,59,12,5,100,30,50,15,10,0.3335149884223938,1.330434799194336,1.0285714864730835,5.099999904632568,12.239999771118164,True,False,C:\Proyecto Integrador 2\retinopathy-generalization\outputs/factorial_experiments\aptos\cbam\seed_123\best_model.pt,C:\Proyecto Integrador 2\retinopathy-generalization\outputs/factorial_experiments\aptos\cbam\seed_123\evaluations\test_odir\metrics.json,C:\Proyecto Integrador 2\retinopathy-generalization\outputs/factorial_experiments\aptos\cbam\seed_123\evaluations\test_odir\predictions.csv,C:\Proyecto Integrador 2\retinopathy-generalization\outputs/factorial_experiments\aptos\cbam\seed_123\evaluations\test_odir\confusion_matrix.png
123,messidor,aptos,base,False,0.2975609756097561,0.35456521739130437,0.35133333333333333,0.2823695602642971,0.718412855961243,1.5316840410232544,1224,305,205,0.8787878787878788,0.014492753623188406,0.375,0.2545454545454545,0.25,0.29,0.03333333333333333,0.3,0.9333333333333333,0.2,0.43609022556390975,0.020202020202020204,0.3333333333333333,0.4,0.2222222222222222,734,184,238,48,20,183,46,59,12,5,100,30,50,15,10,0.3335149884223938,1.330434799194336,1.0285714864730835,5.099999904632568,12.239999771118164,True,False,C:\Proyecto Integrador 2\retinopathy-generalization\outputs/factorial_experiments\messidor\base\seed_123\best_model.pt,C:\Proyecto Integrador 2\retinopathy-generalization\outputs/factorial_experiments\messidor\base\seed_123\evaluations\test_aptos\metrics.json,C:\Proyecto Integrador 2\retinopathy-generalization\outputs/factorial_experiments\messidor\base\seed_123\evaluations\test_aptos\predictions.csv,C:\Proyecto Integrador 2\retinopathy-generalization\outputs/factorial_experiments\messidor\base\seed_123\evaluations\test_aptos\confusion_matrix.png
123,messidor,messidor,base,False,0.8,0.7890833803877282,0.7959999999999999,0.7860527023722181,0.9601683041350274,1.184685468673706,1224,305,205,0.8913043478260869,0.5333333333333333,0.8636363636363636,0.8571428571428571,0.8,0.82,0.8,0.76,0.8,0.8,0.8541666666666666,0.64,0.8085106382978723,0.8275862068965517,0.8,734,184,238,48,20,183,46,59,12,5,100,30,50,15,10,0.3335149884223938,1.330434799194336,1.0285714864730835,5.099999904632568,12.239999771118164,True,False,C:\Proyecto Integrador 2\retinopathy-generalization\outputs/factorial_experiments\messidor\base\seed_123\best_model.pt,C:\Proyecto Integrador 2\retinopathy-generalization\outputs/factorial_experiments\messidor\base\seed_123\evaluations\test_messidor\metrics.json,C:\Proyecto Integrador 2\retinopathy-generalization\outputs/factorial_experiments\messidor\base\seed_123\evaluations\test_messidor\predictions.csv,C:\Proyecto Integrador 2\retinopathy-generalization\outputs/factorial_experiments\messidor\base\seed_123\evaluations\test_messidor\confusion_matrix.png
123,messidor,odir,base,False,0.4146341463414634,0.30058177117000645,0.34,0.3113510073192823,0.6906471986417657,1.4859474897384644,1224,305,205,0.6153846153846154,0.29411764705882354,0.3076923076923077,0.2857142857142857,0.0,0.48,0.5,0.32,0.4,0.0,0.5393258426966292,0.37037037037037035,0.3137254901960784,0.3333333333333333,0.0,734,184,238,48,20,183,46,59,12,5,100,30,50,15,10,0.3335149884223938,1.330434799194336,1.0285714864730835,5.099999904632568,12.239999771118164,True,False,C:\Proyecto Integrador 2\retinopathy-generalization\outputs/factorial_experiments\messidor\base\seed_123\best_model.pt,C:\Proyecto Integrador 2\retinopathy-generalization\outputs/factorial_experiments\messidor\base\seed_123\evaluations\test_odir\metrics.json,C:\Proyecto Integrador 2\retinopathy-generalization\outputs/factorial_experiments\messidor\base\seed_123\evaluations\test_odir\predictions.csv,C:\Proyecto Integrador 2\retinopathy-generalization\outputs/factorial_experiments\messidor\base\seed_123\evaluations\test_odir\confusion_matrix.png
123,messidor,aptos,cbam,True,0.23414634146341465,0.26923327147236065,0.33133333333333337,0.24413072945623834,0.6795687183218593,1.5584243535995483,1224,305,205,0.6571428571428571,0.03076923076923077,0.2,0.2647058823529412,0.1935483870967742,0.23,0.06666666666666667,0.16,0.6,0.6,0.34074074074074073,0.042105263157894736,0.17777777777777778,0.3673469387755102,0.2926829268292683,734,184,238,48,20,183,46,59,12,5,100,30,50,15,10,0.3335149884223938,1.330434799194336,1.0285714864730835,5.099999904632568,12.239999771118164,True,False,C:\Proyecto Integrador 2\retinopathy-generalization\outputs/factorial_experiments\messidor\cbam\seed_123\best_model.pt,C:\Proyecto Integrador 2\retinopathy-generalization\outputs/factorial_experiments\messidor\cbam\seed_123\evaluations\test_aptos\metrics.json,C:\Proyecto Integrador 2\retinopathy-generalization\outputs/factorial_experiments\messidor\cbam\seed_123\evaluations\test_aptos\predictions.csv,C:\Proyecto Integrador 2\retinopathy-generalization\outputs/factorial_experiments\messidor\cbam\seed_123\evaluations\test_aptos\confusion_matrix.png
123,messidor,messidor,cbam,True,0.7317073170731707,0.7401926216370033,0.7286666666666667,0.7289299471741895,0.925728308363962,1.269679069519043,1224,305,205,0.8217821782178217,0.4146341463414634,0.7631578947368421,0.8125,0.8888888888888888,0.83,0.5666666666666667,0.58,0.8666666666666667,0.8,0.8258706467661692,0.4788732394366197,0.6590909090909091,0.8387096774193549,0.8421052631578947,734,184,238,48,20,183,46,59,12,5,100,30,50,15,10,0.3335149884223938,1.330434799194336,1.0285714864730835,5.099999904632568,12.239999771118164,True,False,C:\Proyecto Integrador 2\retinopathy-generalization\outputs/factorial_experiments\messidor\cbam\seed_123\best_model.pt,C:\Proyecto Integrador 2\retinopathy-generalization\outputs/factorial_experiments\messidor\cbam\seed_123\evaluations\test_messidor\metrics.json,C:\Proyecto Integrador 2\retinopathy-generalization\outputs/factorial_experiments\messidor\cbam\seed_123\evaluations\test_messidor\predictions.csv,C:\Proyecto Integrador 2\retinopathy-generalization\outputs/factorial_experiments\messidor\cbam\seed_123\evaluations\test_messidor\confusion_matrix.png
123,messidor,odir,cbam,True,0.4097560975609756,0.3217080657538673,0.3006666666666667,0.30390395569342943,0.7151549941852149,1.466110348701477,1224,305,205,0.5114503816793893,0.18518518518518517,0.17857142857142858,0.4,0.3333333333333333,0.67,0.16666666666666666,0.1,0.26666666666666666,0.3,0.5800865800865801,0.17543859649122806,0.1282051282051282,0.32,0.3157894736842105,734,184,238,48,20,183,46,59,12,5,100,30,50,15,10,0.3335149884223938,1.330434799194336,1.0285714864730835,5.099999904632568,12.239999771118164,True,False,C:\Proyecto Integrador 2\retinopathy-generalization\outputs/factorial_experiments\messidor\cbam\seed_123\best_model.pt,C:\Proyecto Integrador 2\retinopathy-generalization\outputs/factorial_experiments\messidor\cbam\seed_123\evaluations\test_odir\metrics.json,C:\Proyecto Integrador 2\retinopathy-generalization\outputs/factorial_experiments\messidor\cbam\seed_123\evaluations\test_odir\predictions.csv,C:\Proyecto Integrador 2\retinopathy-generalization\outputs/factorial_experiments\messidor\cbam\seed_123\evaluations\test_odir\confusion_matrix.png
123,odir,aptos,base,False,0.36097560975609755,0.26904252610134965,0.39,0.274460527797597,0.6568452670136881,1.5080684423446655,1224,305,205,0.803030303030303,0.11428571428571428,0.05,0.19607843137254902,0.18181818181818182,0.53,0.13333333333333333,0.02,0.6666666666666666,0.6,0.6385542168674698,0.12307692307692308,0.02857142857142857,0.30303030303030304,0.27906976744186046,734,184,238,48,20,183,46,59,12,5,100,30,50,15,10,0.3335149884223938,1.330434799194336,1.0285714864730835,5.099999904632568,12.239999771118164,True,False,C:\Proyecto Integrador 2\retinopathy-generalization\outputs/factorial_experiments\odir\base\seed_123\best_model.pt,C:\Proyecto Integrador 2\retinopathy-generalization\outputs/factorial_experiments\odir\base\seed_123\evaluations\test_aptos\metrics.json,C:\Proyecto Integrador 2\retinopathy-generalization\outputs/factorial_experiments\odir\base\seed_123\evaluations\test_aptos\predictions.csv,C:\Proyecto Integrador 2\retinopathy-generalization\outputs/factorial_experiments\odir\base\seed_123\evaluations\test_aptos\confusion_matrix.png
123,odir,messidor,base,False,0.4292682926829268,0.4667000835421888,0.39666666666666667,0.3719962294198571,0.7384031095107496,1.4748082160949707,1224,305,205,0.6043956043956044,0.13846153846153847,0.5555555555555556,0.6666666666666666,0.3684210526315789,0.55,0.3,0.3,0.13333333333333333,0.7,0.5759162303664922,0.18947368421052632,0.38961038961038963,0.2222222222222222,0.4827586206896552,734,184,238,48,20,183,46,59,12,5,100,30,50,15,10,0.3335149884223938,1.330434799194336,1.0285714864730835,5.099999904632568,12.239999771118164,True,False,C:\Proyecto Integrador 2\retinopathy-generalization\outputs/factorial_experiments\odir\base\seed_123\best_model.pt,C:\Proyecto Integrador 2\retinopathy-generalization\outputs/factorial_experiments\odir\base\seed_123\evaluations\test_messidor\metrics.json,C:\Proyecto Integrador 2\retinopathy-generalization\outputs/factorial_experiments\odir\base\seed_123\evaluations\test_messidor\predictions.csv,C:\Proyecto Integrador 2\retinopathy-generalization\outputs/factorial_experiments\odir\base\seed_123\evaluations\test_messidor\confusion_matrix.png
123,odir,odir,base,False,0.5658536585365853,0.5162814638587834,0.5546666666666666,0.5089052064686582,0.8217560526626742,1.382110834121704,1224,305,205,0.7216494845360825,0.2916666666666667,0.6296296296296297,0.5384615384615384,0.4,0.7,0.4666666666666667,0.34,0.4666666666666667,0.8,0.7106598984771574,0.358974358974359,0.44155844155844154,0.5,0.5333333333333333,734,184,238,48,20,183,46,59,12,5,100,30,50,15,10,0.3335149884223938,1.330434799194336,1.0285714864730835,5.099999904632568,12.239999771118164,True,False,C:\Proyecto Integrador 2\retinopathy-generalization\outputs/factorial_experiments\odir\base\seed_123\best_model.pt,C:\Proyecto Integrador 2\retinopathy-generalization\outputs/factorial_experiments\odir\base\seed_123\evaluations\test_odir\metrics.json,C:\Proyecto Integrador 2\retinopathy-generalization\outputs/factorial_experiments\odir\base\seed_123\evaluations\test_odir\predictions.csv,C:\Proyecto Integrador 2\retinopathy-generalization\outputs/factorial_experiments\odir\base\seed_123\evaluations\test_odir\confusion_matrix.png
123,odir,aptos,cbam,True,0.4,0.2562037156574502,0.3406666666666667,0.27456189164629063,0.6190944656927678,1.5366395711898804,1224,305,205,0.6421052631578947,0.0,0.23529411764705882,0.3548387096774194,0.04878048780487805,0.61,0.0,0.16,0.7333333333333333,0.2,0.6256410256410256,0.0,0.19047619047619047,0.4782608695652174,0.0784313725490196,734,184,238,48,20,183,46,59,12,5,100,30,50,15,10,0.3335149884223938,1.330434799194336,1.0285714864730835,5.099999904632568,12.239999771118164,True,False,C:\Proyecto Integrador 2\retinopathy-generalization\outputs/factorial_experiments\odir\cbam\seed_123\best_model.pt,C:\Proyecto Integrador 2\retinopathy-generalization\outputs/factorial_experiments\odir\cbam\seed_123\evaluations\test_aptos\metrics.json,C:\Proyecto Integrador 2\retinopathy-generalization\outputs/factorial_experiments\odir\cbam\seed_123\evaluations\test_aptos\predictions.csv,C:\Proyecto Integrador 2\retinopathy-generalization\outputs/factorial_experiments\odir\cbam\seed_123\evaluations\test_aptos\confusion_matrix.png
123,odir,messidor,cbam,True,0.4682926829268293,0.3996969696969698,0.37533333333333335,0.3091938927346833,0.6268880862205142,1.5107452869415283,1224,305,205,0.5833333333333334,0.18181818181818182,0.4666666666666667,0.6,0.16666666666666666,0.77,0.06666666666666667,0.14,0.2,0.7,0.6637931034482759,0.0975609756097561,0.2153846153846154,0.3,0.2692307692307692,734,184,238,48,20,183,46,59,12,5,100,30,50,15,10,0.3335149884223938,1.330434799194336,1.0285714864730835,5.099999904632568,12.239999771118164,True,False,C:\Proyecto Integrador 2\retinopathy-generalization\outputs/factorial_experiments\odir\cbam\seed_123\best_model.pt,C:\Proyecto Integrador 2\retinopathy-generalization\outputs/factorial_experiments\odir\cbam\seed_123\evaluations\test_messidor\metrics.json,C:\Proyecto Integrador 2\retinopathy-generalization\outputs/factorial_experiments\odir\cbam\seed_123\evaluations\test_messidor\predictions.csv,C:\Proyecto Integrador 2\retinopathy-generalization\outputs/factorial_experiments\odir\cbam\seed_123\evaluations\test_messidor\confusion_matrix.png
123,odir,odir,cbam,True,0.5317073170731708,0.49067918192918186,0.47800000000000004,0.4749123680280841,0.7653850780798149,1.4639840126037598,1224,305,205,0.6770833333333334,0.3076923076923077,0.4857142857142857,0.5384615384615384,0.4444444444444444,0.65,0.5333333333333333,0.34,0.4666666666666667,0.4,0.6632653061224489,0.3902439024390244,0.4,0.5,0.42105263157894735,734,184,238,48,20,183,46,59,12,5,100,30,50,15,10,0.3335149884223938,1.330434799194336,1.0285714864730835,5.099999904632568,12.239999771118164,True,False,C:\Proyecto Integrador 2\retinopathy-generalization\outputs/factorial_experiments\odir\cbam\seed_123\best_model.pt,C:\Proyecto Integrador 2\retinopathy-generalization\outputs/factorial_experiments\odir\cbam\seed_123\evaluations\test_odir\metrics.json,C:\Proyecto Integrador 2\retinopathy-generalization\outputs/factorial_experiments\odir\cbam\seed_123\evaluations\test_odir\predictions.csv,C:\Proyecto Integrador 2\retinopathy-generalization\outputs/factorial_experiments\odir\cbam\seed_123\evaluations\test_odir\confusion_matrix.png
2025,aptos,aptos,base,False,0.7414634146341463,0.5139641943734016,0.5206666666666666,0.5164731473147315,0.9228987605490152,1.1880372762680054,1224,305,205,0.9509803921568627,0.6333333333333333,0.6521739130434783,0.3333333333333333,0.0,0.97,0.6333333333333333,0.6,0.4,0.0,0.9603960396039604,0.6333333333333333,0.625,0.36363636363636365,0.0,734,184,238,48,20,183,46,59,12,5,100,30,50,15,10,0.3335149884223938,1.330434799194336,1.0285714864730835,5.099999904632568,12.239999771118164,True,False,C:\Proyecto Integrador 2\retinopathy-generalization\outputs/factorial_experiments\aptos\base\seed_2025\best_model.pt,C:\Proyecto Integrador 2\retinopathy-generalization\outputs/factorial_experiments\aptos\base\seed_2025\evaluations\test_aptos\metrics.json,C:\Proyecto Integrador 2\retinopathy-generalization\outputs/factorial_experiments\aptos\base\seed_2025\evaluations\test_aptos\predictions.csv,C:\Proyecto Integrador 2\retinopathy-generalization\outputs/factorial_experiments\aptos\base\seed_2025\evaluations\test_aptos\confusion_matrix.png
2025,aptos,messidor,base,False,0.5024390243902439,0.31431385188368427,0.2853333333333333,0.26466248669190706,0.7003608997680304,1.3941068649291992,1224,305,205,0.5363128491620112,0.07692307692307693,0.0,0.625,0.3333333333333333,0.96,0.03333333333333333,0.0,0.3333333333333333,0.1,0.6881720430107527,0.046511627906976744,0.0,0.43478260869565216,0.15384615384615385,734,184,238,48,20,183,46,59,12,5,100,30,50,15,10,0.3335149884223938,1.330434799194336,1.0285714864730835,5.099999904632568,12.239999771118164,True,False,C:\Proyecto Integrador 2\retinopathy-generalization\outputs/factorial_experiments\aptos\base\seed_2025\best_model.pt,C:\Proyecto Integrador 2\retinopathy-generalization\outputs/factorial_experiments\aptos\base\seed_2025\evaluations\test_messidor\metrics.json,C:\Proyecto Integrador 2\retinopathy-generalization\outputs/factorial_experiments\aptos\base\seed_2025\evaluations\test_messidor\predictions.csv,C:\Proyecto Integrador 2\retinopathy-generalization\outputs/factorial_experiments\aptos\base\seed_2025\evaluations\test_messidor\confusion_matrix.png
2025,aptos,odir,base,False,0.47804878048780486,0.3238095238095238,0.2833333333333334,0.2542242130148065,0.6305313332960193,1.4301680326461792,1224,305,205,0.5,0.0,0.2857142857142857,0.3333333333333333,0.5,0.91,0.0,0.04,0.06666666666666667,0.4,0.6453900709219859,0.0,0.07017543859649122,0.1111111111111111,0.4444444444444444,734,184,238,48,20,183,46,59,12,5,100,30,50,15,10,0.3335149884223938,1.330434799194336,1.0285714864730835,5.099999904632568,12.239999771118164,True,False,C:\Proyecto Integrador 2\retinopathy-generalization\outputs/factorial_experiments\aptos\base\seed_2025\best_model.pt,C:\Proyecto Integrador 2\retinopathy-generalization\outputs/factorial_experiments\aptos\base\seed_2025\evaluations\test_odir\metrics.json,C:\Proyecto Integrador 2\retinopathy-generalization\outputs/factorial_experiments\aptos\base\seed_2025\evaluations\test_odir\predictions.csv,C:\Proyecto Integrador 2\retinopathy-generalization\outputs/factorial_experiments\aptos\base\seed_2025\evaluations\test_odir\confusion_matrix.png
2025,aptos,aptos,cbam,True,0.7951219512195122,0.662330522941248,0.6020000000000001,0.6172192697720865,0.9237368955888481,1.1545462608337402,1224,305,205,0.9603960396039604,0.7241379310344828,0.6271186440677966,0.5,0.5,0.97,0.7,0.74,0.4,0.2,0.9651741293532339,0.711864406779661,0.6788990825688074,0.4444444444444444,0.2857142857142857,734,184,238,48,20,183,46,59,12,5,100,30,50,15,10,0.3335149884223938,1.330434799194336,1.0285714864730835,5.099999904632568,12.239999771118164,True,False,C:\Proyecto Integrador 2\retinopathy-generalization\outputs/factorial_experiments\aptos\cbam\seed_2025\best_model.pt,C:\Proyecto Integrador 2\retinopathy-generalization\outputs/factorial_experiments\aptos\cbam\seed_2025\evaluations\test_aptos\metrics.json,C:\Proyecto Integrador 2\retinopathy-generalization\outputs/factorial_experiments\aptos\cbam\seed_2025\evaluations\test_aptos\predictions.csv,C:\Proyecto Integrador 2\retinopathy-generalization\outputs/factorial_experiments\aptos\cbam\seed_2025\evaluations\test_aptos\confusion_matrix.png
2025,aptos,messidor,cbam,True,0.48292682926829267,0.3015544041450777,0.20933333333333332,0.15878839590443686,0.730596162863735,1.4007230997085571,1224,305,205,0.5077720207253886,0.0,0.0,1.0,0.0,0.98,0.0,0.0,0.06666666666666667,0.0,0.6689419795221843,0.0,0.0,0.125,0.0,734,184,238,48,20,183,46,59,12,5,100,30,50,15,10,0.3335149884223938,1.330434799194336,1.0285714864730835,5.099999904632568,12.239999771118164,True,False,C:\Proyecto Integrador 2\retinopathy-generalization\outputs/factorial_experiments\aptos\cbam\seed_2025\best_model.pt,C:\Proyecto Integrador 2\retinopathy-generalization\outputs/factorial_experiments\aptos\cbam\seed_2025\evaluations\test_messidor\metrics.json,C:\Proyecto Integrador 2\retinopathy-generalization\outputs/factorial_experiments\aptos\cbam\seed_2025\evaluations\test_messidor\predictions.csv,C:\Proyecto Integrador 2\retinopathy-generalization\outputs/factorial_experiments\aptos\cbam\seed_2025\evaluations\test_messidor\confusion_matrix.png
2025,aptos,odir,cbam,True,0.4682926829268293,0.09696969696969697,0.192,0.12885906040268455,0.5612728073284949,1.434852957725525,1224,305,205,0.48484848484848486,0.0,0.0,0.0,0.0,0.96,0.0,0.0,0.0,0.0,0.6442953020134228,0.0,0.0,0.0,0.0,734,184,238,48,20,183,46,59,12,5,100,30,50,15,10,0.3335149884223938,1.330434799194336,1.0285714864730835,5.099999904632568,12.239999771118164,True,False,C:\Proyecto Integrador 2\retinopathy-generalization\outputs/factorial_experiments\aptos\cbam\seed_2025\best_model.pt,C:\Proyecto Integrador 2\retinopathy-generalization\outputs/factorial_experiments\aptos\cbam\seed_2025\evaluations\test_odir\metrics.json,C:\Proyecto Integrador 2\retinopathy-generalization\outputs/factorial_experiments\aptos\cbam\seed_2025\evaluations\test_odir\predictions.csv,C:\Proyecto Integrador 2\retinopathy-generalization\outputs/factorial_experiments\aptos\cbam\seed_2025\evaluations\test_odir\confusion_matrix.png
2025,messidor,aptos,base,False,0.33658536585365856,0.3079446769539428,0.3793333333333333,0.28649865129317187,0.6876078409423062,1.5149344205856323,1224,305,205,0.8913043478260869,0.038461538461538464,0.18032786885245902,0.24444444444444444,0.18518518518518517,0.41,0.03333333333333333,0.22,0.7333333333333333,0.5,0.5616438356164384,0.03571428571428571,0.1981981981981982,0.36666666666666664,0.2702702702702703,734,184,238,48,20,183,46,59,12,5,100,30,50,15,10,0.3335149884223938,1.330434799194336,1.0285714864730835,5.099999904632568,12.239999771118164,True,False,C:\Proyecto Integrador 2\retinopathy-generalization\outputs/factorial_experiments\messidor\base\seed_2025\best_model.pt,C:\Proyecto Integrador 2\retinopathy-generalization\outputs/factorial_experiments\messidor\base\seed_2025\evaluations\test_aptos\metrics.json,C:\Proyecto Integrador 2\retinopathy-generalization\outputs/factorial_experiments\messidor\base\seed_2025\evaluations\test_aptos\predictions.csv,C:\Proyecto Integrador 2\retinopathy-generalization\outputs/factorial_experiments\messidor\base\seed_2025\evaluations\test_aptos\confusion_matrix.png
2025,messidor,messidor,base,False,0.7707317073170732,0.7404357298474945,0.7140000000000001,0.7155016722408026,0.9365942847192423,1.1932820081710815,1224,305,205,0.8055555555555556,0.75,0.7407407407407407,0.7058823529411765,0.7,0.87,0.4,0.8,0.8,0.7,0.8365384615384616,0.5217391304347826,0.7692307692307693,0.75,0.7,734,184,238,48,20,183,46,59,12,5,100,30,50,15,10,0.3335149884223938,1.330434799194336,1.0285714864730835,5.099999904632568,12.239999771118164,True,False,C:\Proyecto Integrador 2\retinopathy-generalization\outputs/factorial_experiments\messidor\base\seed_2025\best_model.pt,C:\Proyecto Integrador 2\retinopathy-generalization\outputs/factorial_experiments\messidor\base\seed_2025\evaluations\test_messidor\metrics.json,C:\Proyecto Integrador 2\retinopathy-generalization\outputs/factorial_experiments\messidor\base\seed_2025\evaluations\test_messidor\predictions.csv,C:\Proyecto Integrador 2\retinopathy-generalization\outputs/factorial_experiments\messidor\base\seed_2025\evaluations\test_messidor\confusion_matrix.png
2025,messidor,odir,base,False,0.4878048780487805,0.3767006871262819,0.396,0.3806480418420717,0.7398619824996734,1.4532438516616821,1224,305,205,0.6138613861386139,0.07142857142857142,0.417910447761194,0.36363636363636365,0.4166666666666667,0.62,0.03333333333333333,0.56,0.26666666666666666,0.5,0.6169154228855721,0.045454545454545456,0.47863247863247865,0.3076923076923077,0.45454545454545453,734,184,238,48,20,183,46,59,12,5,100,30,50,15,10,0.3335149884223938,1.330434799194336,1.0285714864730835,5.099999904632568,12.239999771118164,True,False,C:\Proyecto Integrador 2\retinopathy-generalization\outputs/factorial_experiments\messidor\base\seed_2025\best_model.pt,C:\Proyecto Integrador 2\retinopathy-generalization\outputs/factorial_experiments\messidor\base\seed_2025\evaluations\test_odir\metrics.json,C:\Proyecto Integrador 2\retinopathy-generalization\outputs/factorial_experiments\messidor\base\seed_2025\evaluations\test_odir\predictions.csv,C:\Proyecto Integrador 2\retinopathy-generalization\outputs/factorial_experiments\messidor\base\seed_2025\evaluations\test_odir\confusion_matrix.png
2025,messidor,aptos,cbam,True,0.2731707317073171,0.24970520089054574,0.3,0.24599833900698004,0.6594327978755823,1.552259087562561,1224,305,205,0.5416666666666666,0.08108108108108109,0.265625,0.2222222222222222,0.13793103448275862,0.26,0.1,0.34,0.4,0.4,0.35135135135135137,0.08955223880597014,0.2982456140350877,0.2857142857142857,0.20512820512820512,734,184,238,48,20,183,46,59,12,5,100,30,50,15,10,0.3335149884223938,1.330434799194336,1.0285714864730835,5.099999904632568,12.239999771118164,True,False,C:\Proyecto Integrador 2\retinopathy-generalization\outputs/factorial_experiments\messidor\cbam\seed_2025\best_model.pt,C:\Proyecto Integrador 2\retinopathy-generalization\outputs/factorial_experiments\messidor\cbam\seed_2025\evaluations\test_aptos\metrics.json,C:\Proyecto Integrador 2\retinopathy-generalization\outputs/factorial_experiments\messidor\cbam\seed_2025\evaluations\test_aptos\predictions.csv,C:\Proyecto Integrador 2\retinopathy-generalization\outputs/factorial_experiments\messidor\cbam\seed_2025\evaluations\test_aptos\confusion_matrix.png
2025,messidor,messidor,cbam,True,0.5902439024390244,0.5632894158981114,0.5653333333333332,0.5603284807764091,0.8517638562908513,1.3896788358688354,1224,305,205,0.7777777777777778,0.2826086956521739,0.5227272727272727,0.5333333333333333,0.7,0.7,0.43333333333333335,0.46,0.5333333333333333,0.7,0.7368421052631579,0.34210526315789475,0.48936170212765956,0.5333333333333333,0.7,734,184,238,48,20,183,46,59,12,5,100,30,50,15,10,0.3335149884223938,1.330434799194336,1.0285714864730835,5.099999904632568,12.239999771118164,True,False,C:\Proyecto Integrador 2\retinopathy-generalization\outputs/factorial_experiments\messidor\cbam\seed_2025\best_model.pt,C:\Proyecto Integrador 2\retinopathy-generalization\outputs/factorial_experiments\messidor\cbam\seed_2025\evaluations\test_messidor\metrics.json,C:\Proyecto Integrador 2\retinopathy-generalization\outputs/factorial_experiments\messidor\cbam\seed_2025\evaluations\test_messidor\predictions.csv,C:\Proyecto Integrador 2\retinopathy-generalization\outputs/factorial_experiments\messidor\cbam\seed_2025\evaluations\test_messidor\confusion_matrix.png
2025,messidor,odir,cbam,True,0.424390243902439,0.3334890786203391,0.29799999999999993,0.3053557553557554,0.6487688476775064,1.5000275373458862,1224,305,205,0.5267175572519084,0.1111111111111111,0.24390243902439024,0.2857142857142857,0.5,0.69,0.06666666666666667,0.2,0.13333333333333333,0.4,0.5974025974025974,0.08333333333333333,0.21978021978021978,0.18181818181818182,0.4444444444444444,734,184,238,48,20,183,46,59,12,5,100,30,50,15,10,0.3335149884223938,1.330434799194336,1.0285714864730835,5.099999904632568,12.239999771118164,True,False,C:\Proyecto Integrador 2\retinopathy-generalization\outputs/factorial_experiments\messidor\cbam\seed_2025\best_model.pt,C:\Proyecto Integrador 2\retinopathy-generalization\outputs/factorial_experiments\messidor\cbam\seed_2025\evaluations\test_odir\metrics.json,C:\Proyecto Integrador 2\retinopathy-generalization\outputs/factorial_experiments\messidor\cbam\seed_2025\evaluations\test_odir\predictions.csv,C:\Proyecto Integrador 2\retinopathy-generalization\outputs/factorial_experiments\messidor\cbam\seed_2025\evaluations\test_odir\confusion_matrix.png
2025,odir,aptos,base,False,0.526829268292683,0.25966433566433567,0.38066666666666665,0.2796707818930041,0.7126012027587578,1.461124300956726,1224,305,205,0.6783216783216783,0.0,0.0,0.5,0.12,0.97,0.0,0.0,0.3333333333333333,0.6,0.7983539094650206,0.0,0.0,0.4,0.2,734,184,238,48,20,183,46,59,12,5,100,30,50,15,10,0.3335149884223938,1.330434799194336,1.0285714864730835,5.099999904632568,12.239999771118164,True,False,C:\Proyecto Integrador 2\retinopathy-generalization\outputs/factorial_experiments\odir\base\seed_2025\best_model.pt,C:\Proyecto Integrador 2\retinopathy-generalization\outputs/factorial_experiments\odir\base\seed_2025\evaluations\test_aptos\metrics.json,C:\Proyecto Integrador 2\retinopathy-generalization\outputs/factorial_experiments\odir\base\seed_2025\evaluations\test_aptos\predictions.csv,C:\Proyecto Integrador 2\retinopathy-generalization\outputs/factorial_experiments\odir\base\seed_2025\evaluations\test_aptos\confusion_matrix.png
2025,odir,messidor,base,False,0.5024390243902439,0.3478951817413356,0.3253333333333333,0.22108426270136308,0.7235733253729858,1.4826006889343262,1224,305,205,0.5680473372781065,0.0,0.0,1.0,0.17142857142857143,0.96,0.0,0.0,0.06666666666666667,0.6,0.7137546468401487,0.0,0.0,0.125,0.26666666666666666,734,184,238,48,20,183,46,59,12,5,100,30,50,15,10,0.3335149884223938,1.330434799194336,1.0285714864730835,5.099999904632568,12.239999771118164,True,False,C:\Proyecto Integrador 2\retinopathy-generalization\outputs/factorial_experiments\odir\base\seed_2025\best_model.pt,C:\Proyecto Integrador 2\retinopathy-generalization\outputs/factorial_experiments\odir\base\seed_2025\evaluations\test_messidor\metrics.json,C:\Proyecto Integrador 2\retinopathy-generalization\outputs/factorial_experiments\odir\base\seed_2025\evaluations\test_messidor\predictions.csv,C:\Proyecto Integrador 2\retinopathy-generalization\outputs/factorial_experiments\odir\base\seed_2025\evaluations\test_messidor\confusion_matrix.png
2025,odir,odir,base,False,0.5317073170731708,0.4557889041904387,0.4386666666666666,0.430632798778314,0.7684527124262267,1.4460614919662476,1224,305,205,0.6086956521739131,0.19230769230769232,0.35294117647058826,0.625,0.5,0.84,0.16666666666666666,0.12,0.6666666666666666,0.4,0.7058823529411765,0.17857142857142858,0.1791044776119403,0.6451612903225806,0.4444444444444444,734,184,238,48,20,183,46,59,12,5,100,30,50,15,10,0.3335149884223938,1.330434799194336,1.0285714864730835,5.099999904632568,12.239999771118164,True,False,C:\Proyecto Integrador 2\retinopathy-generalization\outputs/factorial_experiments\odir\base\seed_2025\best_model.pt,C:\Proyecto Integrador 2\retinopathy-generalization\outputs/factorial_experiments\odir\base\seed_2025\evaluations\test_odir\metrics.json,C:\Proyecto Integrador 2\retinopathy-generalization\outputs/factorial_experiments\odir\base\seed_2025\evaluations\test_odir\predictions.csv,C:\Proyecto Integrador 2\retinopathy-generalization\outputs/factorial_experiments\odir\base\seed_2025\evaluations\test_odir\confusion_matrix.png
2025,odir,aptos,cbam,True,0.44390243902439025,0.34210217263652376,0.2966666666666667,0.22238122464537557,0.5657686200613196,1.550258755683899,1224,305,205,0.6335877862595419,0.0,0.3333333333333333,0.6666666666666666,0.07692307692307693,0.83,0.0,0.02,0.13333333333333333,0.5,0.7186147186147186,0.0,0.03773584905660377,0.2222222222222222,0.13333333333333333,734,184,238,48,20,183,46,59,12,5,100,30,50,15,10,0.3335149884223938,1.330434799194336,1.0285714864730835,5.099999904632568,12.239999771118164,True,False,C:\Proyecto Integrador 2\retinopathy-generalization\outputs/factorial_experiments\odir\cbam\seed_2025\best_model.pt,C:\Proyecto Integrador 2\retinopathy-generalization\outputs/factorial_experiments\odir\cbam\seed_2025\evaluations\test_aptos\metrics.json,C:\Proyecto Integrador 2\retinopathy-generalization\outputs/factorial_experiments\odir\cbam\seed_2025\evaluations\test_aptos\predictions.csv,C:\Proyecto Integrador 2\retinopathy-generalization\outputs/factorial_experiments\odir\cbam\seed_2025\evaluations\test_aptos\confusion_matrix.png
2025,odir,messidor,cbam,True,0.4634146341463415,0.1896969696969697,0.2713333333333333,0.21156974907878573,0.6283252747252748,1.4933921098709106,1224,305,205,0.5,0.18181818181818182,0.0,0.0,0.26666666666666666,0.89,0.06666666666666667,0.0,0.0,0.4,0.6402877697841727,0.0975609756097561,0.0,0.0,0.32,734,184,238,48,20,183,46,59,12,5,100,30,50,15,10,0.3335149884223938,1.330434799194336,1.0285714864730835,5.099999904632568,12.239999771118164,True,False,C:\Proyecto Integrador 2\retinopathy-generalization\outputs/factorial_experiments\odir\cbam\seed_2025\best_model.pt,C:\Proyecto Integrador 2\retinopathy-generalization\outputs/factorial_experiments\odir\cbam\seed_2025\evaluations\test_messidor\metrics.json,C:\Proyecto Integrador 2\retinopathy-generalization\outputs/factorial_experiments\odir\cbam\seed_2025\evaluations\test_messidor\predictions.csv,C:\Proyecto Integrador 2\retinopathy-generalization\outputs/factorial_experiments\odir\cbam\seed_2025\evaluations\test_messidor\confusion_matrix.png
2025,odir,odir,cbam,True,0.4878048780487805,0.4514148936170213,0.5066666666666666,0.46552735923869937,0.7740393067034832,1.4737101793289185,1224,305,205,0.6595744680851063,0.26,0.3,0.6,0.4375,0.62,0.43333333333333335,0.18,0.6,0.7,0.6391752577319587,0.325,0.225,0.6,0.5384615384615384,734,184,238,48,20,183,46,59,12,5,100,30,50,15,10,0.3335149884223938,1.330434799194336,1.0285714864730835,5.099999904632568,12.239999771118164,True,False,C:\Proyecto Integrador 2\retinopathy-generalization\outputs/factorial_experiments\odir\cbam\seed_2025\best_model.pt,C:\Proyecto Integrador 2\retinopathy-generalization\outputs/factorial_experiments\odir\cbam\seed_2025\evaluations\test_odir\metrics.json,C:\Proyecto Integrador 2\retinopathy-generalization\outputs/factorial_experiments\odir\cbam\seed_2025\evaluations\test_odir\predictions.csv,C:\Proyecto Integrador 2\retinopathy-generalization\outputs/factorial_experiments\odir\cbam\seed_2025\evaluations\test_odir\confusion_matrix.png
